e_vGLK,e_vPGI,e_vGLYCO,e_vTreha,e_vPFK,e_vALD,e_vGAPDH,e_vPGK,e_vPGM,e_vENO,e_vPYK,e_vPDC,e_vSUC,e_vGLT,e_vADH,e_vG3PDH,e_vATP,Glyc,Trh,CO2,SUCC,GLCo,ETOH,GLY,SUM_P,F26BP,ATP,ADP,AMP,GLCi,G6P,F6P,F16P,TRIO,BPG,P3G,P2G,PEP,PYR,ACE,P,NAD,NADH,v_vGLK,v_vPGI,v_vGLYCO,v_vTreha,v_vPFK,v_vALD,v_vGAPDH,v_vPGK,v_vPGM,v_vENO,v_vPYK,v_vPDC,v_vSUC,v_vGLT,v_vADH,v_vG3PDH,v_vATP
1.0,1.0,1.0,1.0,1.0,1.0,1.0,1.0,1.0,1.0,1.0,1.0,1.0,1.0,1.0,1.0,1.0,0.0,0.0,1.0,0.0,50.0,50.0,0.15,4.1,0.02,2.508390624954269,1.292100387862084,0.2995089871836465,0.09875869199169003,1.0332456136818131,0.11281281458550199,0.6019076395836981,0.7775235367088307,0.00032957388691956074,0.3564840378592987,0.04484371111903232,0.0736168424706368,8.523152463551881,0.17011445161350183,6.3088816377706225,1.5455597670249477,0.04444023297505029,88.14952688218204,77.34952688218199,6.0,2.4,77.34952688218208,77.34952688218198,136.49680744171928,136.49680744171903,136.49680744171923,136.4968074417193,136.49680744171923,136.4968074417193,3.640449264528939,88.149526882182,129.2159089126613,18.202246322644694,84.53276406095888
0.9,1.0,1.0,1.0,1.0,1.0,1.0,1.0,1.0,1.0,1.0,1.0,1.0,1.0,1.0,1.0,1.0,0.0,0.0,1.0,0.0,50.0,50.0,0.15,4.1,0.02,2.423917926234967,1.3418220437734707,0.3342600299915621,0.1259192516342596,0.9463044127558935,0.10035688808673335,0.5610175337658708,0.7500576426160768,0.00029149249738418394,0.33388855616791663,0.041778903605751365,0.06718138271195104,8.060553651166877,0.1681455152101396,6.189657896243404,1.545385669655447,0.044614330344553,86.4312152355381,75.63121523553811,6.0,2.4,75.6312152355381,75.63121523553806,133.27086034359132,133.27086034359155,133.27086034359132,133.2708603435913,133.27086034359138,133.2708603435913,3.598314025496987,86.4312152355381,126.07423229259739,17.991570127484927,81.68603411411839
1.1,1.0,1.0,1.0,1.0,1.0,1.0,1.0,1.0,1.0,1.0,1.0,1.0,1.0,1.0,1.0,1.0,0.0,0.0,1.0,0.0,50.0,50.0,0.15,4.1,0.02,2.564405827315423,1.2579216338674015,0.277672538817175,0.08127442271074777,1.097926993726674,0.1221457388155843,0.6313109775427153,0.7967133349394693,0.0003586995972254562,0.3730400398375452,0.04710392181227713,0.07847435338783477,8.862001871032696,0.17143531888960306,6.386733288498248,1.5456759685473456,0.04432403145265487,89.29124895992742,78.49124895992746,6.0,2.4,78.49124895992739,78.49124895992747,138.63891879866742,138.6389187986679,138.63891879866736,138.6389187986674,138.63891879866748,138.6389187986674,3.668715824237505,89.29124895992747,131.3014871501923,18.343579121187553,86.42047638052976
1.0,0.9,1.0,1.0,1.0,1.0,1.0,1.0,1.0,1.0,1.0,1.0,1.0,1.0,1.0,1.0,1.0,0.0,0.0,1.0,0.0,50.0,50.0,0.15,4.1,0.02,2.507307086428928,1.2927521356739924,0.2999407778970793,0.09910092018149237,1.1321979576483583,0.11264123929740757,0.6013580997376975,0.777160608106439,0.00032904342402711935,0.3561770967839644,0.04480192101097501,0.07352789408112345,8.516868793058268,0.17008904123972077,6.307366308531848,1.5455575297975446,0.04444247020245368,88.12746278403763,77.3274627840376,6.0,2.4,77.32746278403768,77.3274627840376,136.45539815542503,136.45539815542483,136.4553981554251,136.4553981554251,136.455398155425,136.4553981554251,3.639905482530024,88.1274627840376,129.1755871903651,18.199527412650113,84.49624881265488
1.0,1.1,1.0,1.0,1.0,1.0,1.0,1.0,1.0,1.0,1.0,1.0,1.0,1.0,1.0,1.0,1.0,0.0,0.0,1.0,0.0,50.0,50.0,0.15,4.1,0.02,2.5092274807689448,1.2915967738747303,0.29917574535632463,0.09849448327656754,0.956841495272999,0.11294555155696483,0.6023325454072429,0.777804043380386,0.00032998439179051715,0.35672142764957926,0.04487603468750294,0.07368566377370572,8.528012260380082,0.17013408022656,6.31005173541262,1.5455614951067842,0.04443850489321728,88.1665682688954,77.36656826889545,6.0,2.4,77.36656826889542,77.36656826889538,136.52878995354897,136.52878995354953,136.52878995354897,136.52878995354897,136.52878995354905,136.52878995354894,3.640869316848384,88.16656826889547,129.24705131985223,18.204346584241947,84.56096610191345
1.0,1.0,0.9,1.0,1.0,1.0,1.0,1.0,1.0,1.0,1.0,1.0,1.0,1.0,1.0,1.0,1.0,0.0,0.0,1.0,0.0,50.0,50.0,0.15,4.1,0.02,2.581281085557306,1.2474397790594927,0.27127913538320114,0.09596198356713376,1.096236204327264,0.12260573850017113,0.6247545736803948,0.7928404631478891,0.00036070837364073495,0.37038689419275317,0.04679387227704308,0.0783791465100416,8.749858599669832,0.17113253125678707,6.410001950174104,1.5456702373023663,0.044329762697632315,88.33023947390728,78.1302394739073,5.4,2.4,78.13023947390731,78.13023947390734,137.94929810333844,137.94929810333826,137.94929810333835,137.94929810333846,137.94929810333838,137.9492981033384,3.662236168895243,88.33023947390731,130.62482576554802,18.311180844476215,86.98917258328122
1.0,1.0,1.1,1.0,1.0,1.0,1.0,1.0,1.0,1.0,1.0,1.0,1.0,1.0,1.0,1.0,1.0,0.0,0.0,1.0,0.0,50.0,50.0,0.15,4.1,0.02,2.43453245338012,1.335696500585899,0.32977104603398066,0.1018047201656914,0.9757384281013617,0.10393488759212682,0.5802477970843957,0.7627886941412535,0.00030186098291611806,0.34354792719270466,0.043040712388279355,0.06931264996637601,8.303811009797373,0.1691031297872556,6.204761407346139,1.5454527710411539,0.04454722895884284,87.95352068158813,76.55352068158697,6.6000000000000005,2.4,76.55352068160335,76.55352068158547,135.01300647593794,135.01300647587416,135.01300647592623,135.01300647592055,135.01300647581,135.01300647526026,3.61880697744727,87.95352068158633,127.77539252119269,18.09403488724029,82.04374367891005
1.0,1.0,1.0,0.9,1.0,1.0,1.0,1.0,1.0,1.0,1.0,1.0,1.0,1.0,1.0,1.0,1.0,0.0,0.0,1.0,0.0,50.0,50.0,0.15,4.1,0.02,2.55890332585369,1.2613210280982434,0.27977564604806604,0.09680538708031451,1.078172702050913,0.11970587727571373,0.6189843630266112,0.7889374096439216,0.00035135956485711365,0.3666908333822395,0.04626683038460269,0.07700339811400003,8.698459491897971,0.17088214338457253,6.379127679805624,1.5456395740241113,0.04436042597589241,88.27566611964363,77.95566611964362,6.0,2.16,77.95566611964355,77.95566611964362,137.62694289713804,137.62694289713843,137.626942897138,137.62694289713806,137.62694289713812,137.62694289713806,3.6568778684298517,88.27566611964366,130.31318716027823,18.28438934214926,86.23504208126937
1.0,1.0,1.0,1.1,1.0,1.0,1.0,1.0,1.0,1.0,1.0,1.0,1.0,1.0,1.0,1.0,1.0,0.0,0.0,1.0,0.0,50.0,50.0,0.15,4.1,0.02,2.457416280555672,1.3223700876793565,0.3202136317649713,0.10083141637409497,0.9911247563178053,0.10638197185026144,0.5854769736187874,0.7664136191882229,0.0003095114804632143,0.3467898240470829,0.04349804568345287,0.07046496853201077,8.352847778695134,0.169349762325439,6.2372026487907,1.5454814418289933,0.04451855817100164,88.01605872371385,76.73605872371381,6.0,2.64,76.73605872371382,76.73605872371382,135.3516928786057,135.3516928786057,135.35169287860563,135.35169287860566,135.3516928786057,135.3516928786057,3.6240849137643942,88.01605872371383,128.10352305107688,18.120424568821974,82.81492865472615
1.0,1.0,1.0,1.0,0.9,1.0,1.0,1.0,1.0,1.0,1.0,1.0,1.0,1.0,1.0,1.0,1.0,0.0,0.0,1.0,0.0,50.0,50.0,0.15,4.1,0.02,2.5075503921779827,1.2926058186627754,0.2998437891592416,0.09902406018679764,1.1099758790654972,0.12680116264236255,0.601481436957236,0.7772420768870828,0.00032916243530843516,0.35624597792362667,0.044811298829765964,0.07354785155595804,8.518278924885836,0.1700947466587081,6.30770660301874,1.545558032137191,0.04444196786280746,88.13241715767352,77.33241715767346,6.0,2.4,77.33241715767348,77.33241715767349,136.46469642286522,136.46469642286525,136.4646964228652,136.4646964228652,136.4646964228652,136.4646964228652,3.6400275784963534,88.13241715767347,129.1846412658725,18.20013789248175,84.50444821639802
1.0,1.0,1.0,1.0,1.1,1.0,1.0,1.0,1.0,1.0,1.0,1.0,1.0,1.0,1.0,1.0,1.0,0.0,0.0,1.0,0.0,50.0,50.0,0.15,4.1,0.02,2.509021423838447,1.29172079736377,0.29925777879778237,0.0985595301294033,0.975652647072658,0.10231550807395724,0.6022278833139444,0.7777349584056715,0.00032988324863097263,0.356662949168374,0.044868071882409634,0.07366870808933378,8.52681510261118,0.1701292468567923,6.309763645040665,1.5455610695898698,0.04443893041013269,88.16237217082532,77.36237217082534,6.0,2.4,77.36237217082535,77.3623721708253,136.52091492797393,136.52091492797396,136.5209149279739,136.5209149279739,136.52091492797385,136.5209149279739,3.6407658827353546,88.16237217082534,129.23938316250315,18.20382941367676,84.55402198335568
1.0,1.0,1.0,1.0,1.0,0.9,1.0,1.0,1.0,1.0,1.0,1.0,1.0,1.0,1.0,1.0,1.0,0.0,0.0,1.0,0.0,50.0,50.0,0.15,4.1,0.02,2.5082171531582698,1.292204755187344,0.299578091654386,0.09881347140574281,1.0490856370836668,0.11570026254749069,0.6383544028039163,0.7774654127455739,0.0003294888817229208,0.35643486515911615,0.04483701595977434,0.07360258996053932,8.522145806911233,0.1701103831562474,6.308639061503883,1.5455594088318871,0.04444059116811279,88.14599442752272,77.34599442752268,6.0,2.4,77.3459944275227,77.34599442752277,136.49017785732696,136.49017785732684,136.4901778573269,136.49017785732698,136.49017785732696,136.49017785732696,3.640362199543694,88.14599442752271,129.20945345823958,18.201810997718464,84.5269180614337
1.0,1.0,1.0,1.0,1.0,1.1,1.0,1.0,1.0,1.0,1.0,1.0,1.0,1.0,1.0,1.0,1.0,0.0,0.0,1.0,0.0,50.0,50.0,0.15,4.1,0.02,2.508525870354545,1.292019012628498,0.2994551170169566,0.09871598658205108,1.0208966400340411,0.11056184280642836,0.573938329772588,0.7775688577217187,0.00032964018132533465,0.3565223833459318,0.04484893216288599,0.07362795748739483,8.523937466144227,0.17011762362685012,6.309070753337588,1.5455600462912558,0.044439953708740765,88.15228093477613,77.352280934777,6.0,2.4,77.35228093479077,77.35228093477367,136.5019761414955,136.5019761412043,136.50197614145668,136.50197614144452,136.50197614119338,136.50197614014115,3.6405171456145924,88.15228093477646,129.2209418499649,18.202585728068136,84.53732183094817
1.0,1.0,1.0,1.0,1.0,1.0,0.9,1.0,1.0,1.0,1.0,1.0,1.0,1.0,1.0,1.0,1.0,0.0,0.0,1.0,0.0,50.0,50.0,0.15,4.1,0.02,2.4646979746217896,1.3180952793560141,0.3172067460221959,0.10071351653353854,1.0575283577360082,0.11749032496852918,0.7146301656352947,0.862562254443212,0.00031364023260704746,0.3497197875296157,0.04388919760458049,0.07121645616860946,8.420022518111441,0.1741887796143782,6.247491228599594,1.546658927009962,0.043341072990035576,88.02364005861104,77.22364005861104,6.0,2.4,77.22364005861104,77.22364005861104,135.80908069848354,135.80908069848354,135.8090806984836,135.80908069848357,135.80908069848363,135.80908069848354,3.727639883747693,88.02364005861102,128.35380093098823,18.638199418738484,83.06032174475432
1.0,1.0,1.0,1.0,1.0,1.0,1.1,1.0,1.0,1.0,1.0,1.0,1.0,1.0,1.0,1.0,1.0,0.0,0.0,1.0,0.0,50.0,50.0,0.15,4.1,0.02,2.547924005400688,1.268076777940933,0.2839992166583787,0.09706956913523437,1.0165291706793433,0.10955201488199878,0.5204551335559527,0.7099798934088755,0.0003450382141560236,0.3628847742348187,0.045750278759566956,0.07592641321990105,8.617785461441915,0.16639563368032406,6.363924788742309,1.5445095352923248,0.04549046470767437,88.25858541631412,77.45858541631415,6.0,2.4,77.4585854163141,77.45858541631411,137.11283802883364,137.11283802883378,137.1128380288336,137.11283802883358,137.1128380288337,137.11283802883358,3.5608665607589347,88.25858541631415,129.99110490731556,17.80433280379466,85.8650389820032
1.0,1.0,1.0,1.0,1.0,1.0,1.0,0.9,1.0,1.0,1.0,1.0,1.0,1.0,1.0,1.0,1.0,0.0,0.0,1.0,0.0,50.0,50.0,0.15,4.1,0.02,2.5070771743962377,1.2928903814542347,0.30003244414952723,0.09881607303994147,1.033882782894362,0.1129362624886383,0.6049178825233456,0.7799111869685964,0.0003419566280731997,0.35627612111939655,0.04481431654862444,0.07354243229542488,8.520030503864708,0.17023749185058298,6.3070447302467105,1.545593729345532,0.044406270654463384,88.14582666779395,77.34582666779394,6.0,2.4,77.34582666779393,77.34582666779393,136.47624170757553,136.47624170757553,136.47624170757544,136.4762417075755,136.47624170757555,136.4762417075755,3.643082325602476,88.14582666779394,129.19007705637065,18.215411628012383,84.48850077715322
1.0,1.0,1.0,1.0,1.0,1.0,1.0,1.1,1.0,1.0,1.0,1.0,1.0,1.0,1.0,1.0,1.0,0.0,0.0,1.0,0.0,50.0,50.0,0.15,4.1,0.02,2.5094673427122025,1.2914523871599137,0.2990802701278834,0.0987117152142084,1.032727373133727,0.11271237209579005,0.5994557666341043,0.7755735118825006,0.00031946875213661834,0.3566547000794665,0.044867841336721934,0.07367794907940481,8.525712764974868,0.17001356260258993,6.3103870725843185,1.5455318823414306,0.044468117658572434,88.15255640256862,77.3525564025686,6.0,2.4,77.35255640256891,77.35255640256862,136.51366160666,136.51366160666072,136.51366160665992,136.51366160665995,136.51366160665884,136.51366160665214,3.6382902396954244,88.15255640256858,129.23708112726916,18.191451198477136,84.56904944940123
1.0,1.0,1.0,1.0,1.0,1.0,1.0,1.0,0.9,1.0,1.0,1.0,1.0,1.0,1.0,1.0,1.0,0.0,0.0,1.0,0.0,50.0,50.0,0.15,4.1,0.02,2.5073134687840777,1.2927482977422156,0.2999382334737064,0.09880574383997379,1.033767748758823,0.11291397888082245,0.6043747580559292,0.7794809177781238,0.0003397243878793968,0.3705482234560686,0.04481960141401704,0.07355580829333094,8.520592053164739,0.17021535897524587,6.307375235310371,1.5455876237150357,0.04441237628496865,88.14649272350353,77.34649272350356,6.0,2.4,77.34649272350353,77.34649272350356,136.47994203665579,136.47994203665561,136.47994203665584,136.47994203665576,136.47994203665576,136.47994203665576,3.6426086820702612,88.14649272350353,129.1947246725153,18.213043410351307,84.49646389802342
1.0,1.0,1.0,1.0,1.0,1.0,1.0,1.0,1.1,1.0,1.0,1.0,1.0,1.0,1.0,1.0,1.0,0.0,0.0,1.0,0.0,50.0,50.0,0.15,4.1,0.02,2.509266871438903,1.2915730635691425,0.29916006499195413,0.09872045746772973,1.0328235846810756,0.11273102177603635,0.5999112003179918,0.7759360865081041,0.0003213470863854078,0.3451023208526961,0.0448633462935305,0.07366656441945389,8.525235998357003,0.17003234858335875,6.3101068064469485,1.5455370771004924,0.044462922899504216,88.15199260153265,77.35199260153264,6.0,2.4,77.35199260153264,77.35199260153263,136.5105239046459,136.51052390464596,136.51052390464594,136.51052390464596,136.51052390464596,136.5105239046459,3.638692259683877,88.15199260153267,129.23313938527824,18.193461298419386,84.56229356749104
1.0,1.0,1.0,1.0,1.0,1.0,1.0,1.0,1.0,0.9,1.0,1.0,1.0,1.0,1.0,1.0,1.0,0.0,0.0,1.0,0.0,50.0,50.0,0.15,4.1,0.02,2.505289921807678,1.2939645023996393,0.30074557579268224,0.09889428721435226,1.0347586390723906,0.11310587611102067,0.6090483721071895,0.7831759143012179,0.0003589053768311785,0.3971877984613012,0.051190603833299674,0.07344141168882985,8.515784580845377,0.17040486204459943,6.304544346014995,1.5456398491719001,0.04436015082810268,88.14078351674038,77.34078351674037,6.0,2.4,77.34078351674033,77.34078351674039,136.4482467947086,136.44824679470855,136.44824679470864,136.44824679470864,136.4482467947086,136.44824679470858,3.6466640477544274,88.14078351674037,129.15491869919973,18.23332023877213,84.42827036491876
1.0,1.0,1.0,1.0,1.0,1.0,1.0,1.0,1.0,1.1,1.0,1.0,1.0,1.0,1.0,1.0,1.0,0.0,0.0,1.0,0.0,50.0,50.0,0.15,4.1,0.02,2.5106762976056243,1.2907243799754342,0.29859932241894116,0.09865903546457674,1.0321498562002211,0.11260040178178472,0.5967196123443345,0.7733917715646463,0.000308171446826485,0.32690590909683226,0.04023209829174135,0.0737466767199609,8.528588624165275,0.1699002558907463,6.312076975186683,1.5455005260445411,0.04449947395545493,88.15595394708859,77.3559539470886,6.0,2.4,77.35595394708858,77.35595394708861,136.53258051386732,136.53258051386734,136.5325805138672,136.53258051386732,136.53258051386723,136.53258051386712,3.6358654760619706,88.15595394708858,129.2608495617426,18.179327380309847,84.60979122930955
1.0,1.0,1.0,1.0,1.0,1.0,1.0,1.0,1.0,1.0,0.9,1.0,1.0,1.0,1.0,1.0,1.0,0.0,0.0,1.0,0.0,50.0,50.0,0.15,4.1,0.02,2.506846705972343,1.2930289455635524,0.3001243484641041,0.09882615016863303,1.0339951523200532,0.11295802838928834,0.6054482822366499,0.7803311537019948,0.00034413575492313445,0.37666768015627283,0.047990831049045,0.08466660388609414,8.519482843038272,0.17025907797160153,6.306722357508239,1.5455996826181742,0.0444003173818276,88.14517687577961,77.34517687577988,6.0,2.4,77.34517687578018,77.34517687578006,136.47263240859894,136.47263240860192,136.47263240859846,136.47263240859846,136.47263240859925,136.47263240859834,3.6435442685922723,88.14517687577988,129.18554387136112,18.21772134296035,84.48073399126797
1.0,1.0,1.0,1.0,1.0,1.0,1.0,1.0,1.0,1.0,1.1,1.0,1.0,1.0,1.0,1.0,1.0,0.0,0.0,1.0,0.0,50.0,50.0,0.15,4.1,0.02,2.5095775369114928,1.2913860490317985,0.29903641405670833,0.09870691063312746,1.032674542146891,0.11270213083147153,0.5992056345730744,0.7753743097775364,0.0003184368832386343,0.34107974643200983,0.042441932736842165,0.06518585663904512,8.525974845831335,0.17000323606965043,6.310541122854784,1.5455290263266575,0.04447097367334233,88.1528662601923,77.35286626019227,6.0,2.4,77.35286626019223,77.35286626019229,136.51538626093196,136.5153862609321,136.51538626093202,136.51538626093196,136.51538626093205,136.51538626093196,3.638069251890519,88.1528662601923,129.23924775715093,18.190346259452582,84.57276299391731
1.0,1.0,1.0,1.0,1.0,1.0,1.0,1.0,1.0,1.0,1.0,0.9,1.0,1.0,1.0,1.0,1.0,0.0,0.0,1.0,0.0,50.0,50.0,0.15,4.1,0.02,2.5071240238920725,1.2928622122303057,0.30001376387762146,0.09881402488083434,1.0338599612178618,0.11293184175838707,0.6048101436595977,0.7798258533340426,0.0003415138887540233,0.3730300963513023,0.04742362979521438,0.08267492045169075,11.805225926392488,0.1702331037080325,6.307110260014451,1.5455925189476925,0.04440748105230756,88.14595873804474,77.34595873804471,6.0,2.4,77.34595873804476,77.3459587380447,136.4769753793299,136.47697537932916,136.47697537932987,136.4769753793299,136.47697537932976,136.47697537932987,3.642988419351895,88.14595873804468,129.19099854062617,18.214942096759493,84.49007960516285
1.0,1.0,1.0,1.0,1.0,1.0,1.0,1.0,1.0,1.0,1.0,1.1,1.0,1.0,1.0,1.0,1.0,0.0,0.0,1.0,0.0,50.0,50.0,0.15,4.1,0.02,2.5089901748565135,1.2917396046624463,0.2992702204810398,0.09873252697168015,1.0329565878482592,0.11275680127686166,0.6005406101161811,0.7764368951250231,0.0003239419595963007,0.34869065537465155,0.043628583078128585,0.06935116791265052,6.979540300972071,0.17005827627718614,6.309719954375473,1.5455442448233478,0.044455755176654496,88.15121423265789,77.35121423265389,6.0,2.4,77.35121423264583,77.35121423265204,136.50619290365552,136.5061929033689,136.506192903645,136.5061929036411,136.5061929035798,136.50619290358725,3.639247112331783,88.15121423265504,129.22769867903807,18.19623556166009,84.55296889266451
1.0,1.0,1.0,1.0,1.0,1.0,1.0,1.0,1.0,1.0,1.0,1.0,0.9,1.0,1.0,1.0,1.0,0.0,0.0,1.0,0.0,50.0,50.0,0.15,4.1,0.02,2.5711013978017605,1.2537729430719635,0.2751256591262756,0.09629408138347408,1.0710650736833192,0.11935521253743493,0.6099759904919484,0.7833584586983692,0.00035452934998220936,0.36668577883881487,0.04629116931206136,0.07732859984552194,8.67150415852078,0.1823593260199853,6.395975738675484,1.5483397337740155,0.0416602662259856,88.30874288697399,77.50874288697403,6.0,2.4,77.50874288697383,77.50874288697418,137.45628267822372,137.45628267822292,137.45628267822363,137.4562826782237,137.4562826782245,137.45628267822926,3.5122406191449165,88.30874288697407,130.43180143991927,17.561203095724302,86.64611710591933
1.0,1.0,1.0,1.0,1.0,1.0,1.0,1.0,1.0,1.0,1.0,1.0,1.1,1.0,1.0,1.0,1.0,0.0,0.0,1.0,0.0,50.0,50.0,0.15,4.1,0.02,2.449982038860954,1.3267173975812718,0.3233005635577739,0.10118974442715997,1.0005939623192237,0.10719056046226705,0.5947304581128046,0.772337588992007,0.0003086032799833313,0.3475991531256949,0.043589687505070626,0.07045921905625387,8.388091043696814,0.15967245739236388,6.226681475303179,1.5428537938993874,0.04714620610060972,87.99302488392084,77.1930248839208,6.0,2.4,77.19302488392084,77.19302488392078,135.59260153276037,135.5926015327602,135.5926015327604,135.59260153276037,135.5926015327603,135.59260153276037,3.7586896470162454,87.9930248839208,128.07522223872795,18.79344823508124,82.56439470961415
1.0,1.0,1.0,1.0,1.0,1.0,1.0,1.0,1.0,1.0,1.0,1.0,1.0,0.9,1.0,1.0,1.0,0.0,0.0,1.0,0.0,50.0,50.0,0.15,4.1,0.02,2.0776880145258225,1.5211512926567905,0.5011606928173866,0.09765227806682816,0.685359542967142,0.0640184840930427,0.42454256895420583,0.6500709819438584,0.00018416811447436514,0.26162216137779765,0.03215191046579964,0.04826342918179688,6.58518999957102,0.1601455054207226,5.676527321708435,1.544633030208021,0.045366969791979045,79.39883975678438,68.59883975678437,6.0,2.4,68.59883975678439,68.5988397567844,120.06211043355141,120.06211043355134,120.06211043355141,120.06211043355141,120.06211043355135,120.06211043355142,3.4271138160034633,79.39883975678438,113.20788280154444,17.135569080017333,70.01808608952022
1.0,1.0,1.0,1.0,1.0,1.0,1.0,1.0,1.0,1.0,1.0,1.0,1.0,1.1,1.0,1.0,1.0,0.0,0.0,1.0,0.0,50.0,50.0,0.15,4.1,0.02,2.924054239496124,1.0168270441932536,0.1591187163106218,0.10205474143602475,1.7204810878700696,0.21328840977406793,0.8942782828896854,0.9528148535659711,0.0006798292358704351,0.5322840637315438,0.06932588329362711,0.12999882514204583,12.095969398383115,0.18064688238694326,6.864935523185502,1.5465297521238992,0.043470247876099495,96.7312169170738,85.93121691707375,6.0,2.4,85.93121691707398,85.93121691707381,152.5332174187446,152.53321741874439,152.53321741874467,152.53321741874464,152.53321741874464,152.53321741874464,3.8658432830805856,96.7312169170738,144.80153085258337,19.329216415402936,98.5406278710194
1.0,1.0,1.0,1.0,1.0,1.0,1.0,1.0,1.0,1.0,1.0,1.0,1.0,1.0,0.9,1.0,1.0,0.0,0.0,1.0,0.0,50.0,50.0,0.15,4.1,0.02,2.4875624621211943,1.3045654753824054,0.3078720624964,0.09961004980758456,1.0213311335244946,0.11075819400845287,0.599313742918646,0.775648609703969,0.0003218617693978618,0.3532521001212551,0.04438681755847542,0.07245989556167294,8.474658303306706,0.17209099212378876,6.279690399624794,1.5446080527037194,0.045391947296279433,88.09465810688569,77.29465810688568,6.0,2.4,77.29465810688575,77.29465810688573,136.175580056526,136.17558005652572,136.17558005652597,136.17558005652603,136.17558005652594,136.175580056526,3.682747231449079,88.09465810688567,128.8100855936278,18.413736157245403,83.83085497348425
1.0,1.0,1.0,1.0,1.0,1.0,1.0,1.0,1.0,1.0,1.0,1.0,1.0,1.0,1.1,1.0,1.0,0.0,0.0,1.0,0.0,50.0,50.0,0.15,4.1,0.02,2.5257164944440014,1.2816302257388423,0.29265327981715594,0.09806318909726157,1.0433958283682654,0.11456576254412394,0.6040966300987495,0.7791062362775739,0.00033619970433169146,0.3592296829171952,0.045232499273932865,0.07460700018728239,8.563782066153806,0.16846513659752949,6.333063214626845,1.5463405188000015,0.043659481199998,88.19440039369131,77.39440039369137,6.0,2.4,77.39440039369133,77.39440039369134,136.76303117144704,136.76303117144744,136.76303117144707,136.76303117144707,136.7630311714471,136.7630311714471,3.605153923187131,88.19440039369137,129.5527233250729,18.025769615935662,85.11664586276285
1.0,1.0,1.0,1.0,1.0,1.0,1.0,1.0,1.0,1.0,1.0,1.0,1.0,1.0,1.0,0.9,1.0,0.0,0.0,1.0,0.0,50.0,50.0,0.15,4.1,0.02,2.608596337844003,1.2302937878229525,0.2611098743330442,0.0949129219786671,1.1039137208236063,0.12512986674194976,0.6333688645305786,0.801205223403181,0.0003708206922191795,0.37314704884992334,0.04721199804369492,0.07972621237186928,8.76163476305307,0.16050309428159845,6.447486463510958,1.5427502982175862,0.04724970178241308,88.3982118160549,77.5982118160549,6.0,2.4,77.59821181605493,77.59821181605489,138.0225925439787,138.02259254397853,138.02259254397882,138.02259254397876,138.0225925439787,138.02259254397876,3.4347662176262066,88.3982118160549,131.15306010872638,17.173831088131028,87.9096965853429
1.0,1.0,1.0,1.0,1.0,1.0,1.0,1.0,1.0,1.0,1.0,1.0,1.0,1.0,1.0,1.1,1.0,0.0,0.0,1.0,0.0,50.0,50.0,0.15,4.1,0.02,2.4119201702455157,1.348702977661127,0.3393768520933569,0.10283057565125704,0.9745082707096888,0.1026506929065875,0.5755159748516618,0.7572319675369891,0.0002959781234059753,0.3420985300957889,0.04281649329227654,0.0685401816500264,8.301807479480969,0.17921792148249635,6.172543318152159,1.54794127399903,0.04205872600096927,87.88769950671491,77.08769950671487,6.0,2.4,77.08769950671496,77.08769950671493,134.99908141480273,134.9990814148025,134.9990814148028,134.9990814148027,134.99908141480265,134.9990814148027,3.8352635197254217,87.88769950671491,127.32855437535179,19.17631759862712,81.28170973727389
1.0,1.0,1.0,1.0,1.0,1.0,1.0,1.0,1.0,1.0,1.0,1.0,1.0,1.0,1.0,1.0,0.9,0.0,0.0,1.0,0.0,50.0,50.0,0.15,4.1,0.02,2.8144363357467683,1.09414938715782,0.19141427709541126,0.08796582748951987,1.2526768970460909,0.15107878437414668,0.64852909041626,0.8112706657809416,0.00045934324062673444,0.39267022211976377,0.05029625688548608,0.09091662065166715,8.709210593627661,0.17202931890482662,6.723022058651357,1.5459253993514448,0.04407460064855758,88.8509190035428,78.05091900354277,6.0,2.4,78.05091900354284,78.05091900354275,137.6947008842691,137.69470088426922,137.69470088426905,137.6947008842691,137.69470088426917,137.69470088426914,3.681427424563289,88.85091900354278,130.33184603514255,18.407137122816447,85.36185406319949
1.0,1.0,1.0,1.0,1.0,1.0,1.0,1.0,1.0,1.0,1.0,1.0,1.0,1.0,1.0,1.0,1.1,0.0,0.0,1.0,0.0,50.0,50.0,0.15,4.1,0.02,2.2509295839901133,1.4365218529846535,0.4125485630252328,0.11060983438293523,0.9043920333306412,0.09081697974348402,0.5708323450309107,0.7550202666384084,0.00025996776469990306,0.33412161980114835,0.04155268949251758,0.06390261254623947,8.321093826571932,0.16869616868852033,5.93838102096488,1.5453336577071797,0.04466634229282206,87.3916659087971,76.59166590879708,6.0,2.4,76.5916659087971,76.59166590879711,135.13284176792246,135.1328417679227,135.13284176792246,135.1328417679225,135.13284176792254,135.13284176792254,3.610098009934335,87.3916659087971,127.91264574805388,18.050490049671673,83.44195967851351
1.0,1.0,1.0,1.0,1.0,1.0,1.0,1.0,1.0,1.0,1.0,1.0,1.0,1.0,1.0,1.0,1.0,0.0,0.0,1.0,0.0,50.0,50.0,0.15,4.1,0.02,2.508390624954269,1.292100387862084,0.2995089871836465,0.09875869199169003,1.0332456136818131,0.11281281458550199,0.6019076395836981,0.7775235367088307,0.00032957388691956074,0.3564840378592987,0.04484371111903232,0.0736168424706368,8.523152463551881,0.17011445161350183,6.3088816377706225,1.5455597670249477,0.04444023297505029,88.14952688218204,77.34952688218199,6.0,2.4,77.34952688218208,77.34952688218198,136.49680744171928,136.49680744171903,136.49680744171923,136.4968074417193,136.49680744171923,136.4968074417193,3.640449264528939,88.149526882182,129.2159089126613,18.202246322644694,84.53276406095888
1.0,1.0,1.0,1.0,1.0,1.0,1.0,1.0,1.0,1.0,1.0,1.0,1.0,1.0,1.0,1.0,1.0,0.0,0.0,1.0,0.0,50.0,50.0,0.15,4.1,0.02,2.508390624954269,1.292100387862084,0.2995089871836465,0.09875869199169003,1.0332456136818131,0.11281281458550199,0.6019076395836981,0.7775235367088307,0.00032957388691956074,0.3564840378592987,0.04484371111903232,0.0736168424706368,8.523152463551881,0.17011445161350183,6.3088816377706225,1.5455597670249477,0.04444023297505029,88.14952688218204,77.34952688218199,6.0,2.4,77.34952688218208,77.34952688218198,136.49680744171928,136.49680744171903,136.49680744171923,136.4968074417193,136.49680744171923,136.4968074417193,3.640449264528939,88.149526882182,129.2159089126613,18.202246322644694,84.53276406095888
1.0,1.0,1.0,1.0,1.0,1.0,1.0,1.0,1.0,1.0,1.0,1.0,1.0,1.0,1.0,1.0,1.0,0.0,0.0,1.0,0.0,50.0,50.0,0.15,4.1,0.02,2.508390624954269,1.292100387862084,0.2995089871836465,0.09875869199169003,1.0332456136818131,0.11281281458550199,0.6019076395836981,0.7775235367088307,0.00032957388691956074,0.3564840378592987,0.04484371111903232,0.0736168424706368,8.523152463551881,0.17011445161350183,6.3088816377706225,1.5455597670249477,0.04444023297505029,88.14952688218204,77.34952688218199,6.0,2.4,77.34952688218208,77.34952688218198,136.49680744171928,136.49680744171903,136.49680744171923,136.4968074417193,136.49680744171923,136.4968074417193,3.640449264528939,88.149526882182,129.2159089126613,18.202246322644694,84.53276406095888
1.0,1.0,1.0,1.0,1.0,1.0,1.0,1.0,1.0,1.0,1.0,1.0,1.0,1.0,1.0,1.0,1.0,0.0,0.0,1.0,0.0,50.0,50.0,0.15,4.1,0.02,2.508390624954269,1.292100387862084,0.2995089871836465,0.09875869199169003,1.0332456136818131,0.11281281458550199,0.6019076395836981,0.7775235367088307,0.00032957388691956074,0.3564840378592987,0.04484371111903232,0.0736168424706368,8.523152463551881,0.17011445161350183,6.3088816377706225,1.5455597670249477,0.04444023297505029,88.14952688218204,77.34952688218199,6.0,2.4,77.34952688218208,77.34952688218198,136.49680744171928,136.49680744171903,136.49680744171923,136.4968074417193,136.49680744171923,136.4968074417193,3.640449264528939,88.149526882182,129.2159089126613,18.202246322644694,84.53276406095888
1.0,1.0,1.0,1.0,1.0,1.0,1.0,1.0,1.0,1.0,1.0,1.0,1.0,1.0,1.0,1.0,1.0,0.0,0.0,0.9,0.0,50.0,50.0,0.15,4.1,0.02,2.508390624954269,1.292100387862084,0.2995089871836465,0.09875869199169003,1.0332456136818131,0.11281281458550199,0.6019076395836981,0.7775235367088307,0.00032957388691956074,0.3564840378592987,0.04484371111903232,0.0736168424706368,8.523152463551881,0.17011445161350183,6.3088816377706225,1.5455597670249477,0.04444023297505029,88.14952688218204,77.34952688218199,6.0,2.4,77.34952688218208,77.34952688218198,136.49680744171928,136.49680744171903,136.49680744171923,136.4968074417193,136.49680744171923,136.4968074417193,3.640449264528939,88.149526882182,129.2159089126613,18.202246322644694,84.53276406095888
1.0,1.0,1.0,1.0,1.0,1.0,1.0,1.0,1.0,1.0,1.0,1.0,1.0,1.0,1.0,1.0,1.0,0.0,0.0,1.1,0.0,50.0,50.0,0.15,4.1,0.02,2.508390624954269,1.292100387862084,0.2995089871836465,0.09875869199169003,1.0332456136818131,0.11281281458550199,0.6019076395836981,0.7775235367088307,0.00032957388691956074,0.3564840378592987,0.04484371111903232,0.0736168424706368,8.523152463551881,0.17011445161350183,6.3088816377706225,1.5455597670249477,0.04444023297505029,88.14952688218204,77.34952688218199,6.0,2.4,77.34952688218208,77.34952688218198,136.49680744171928,136.49680744171903,136.49680744171923,136.4968074417193,136.49680744171923,136.4968074417193,3.640449264528939,88.149526882182,129.2159089126613,18.202246322644694,84.53276406095888
1.0,1.0,1.0,1.0,1.0,1.0,1.0,1.0,1.0,1.0,1.0,1.0,1.0,1.0,1.0,1.0,1.0,0.0,0.0,1.0,0.0,50.0,50.0,0.15,4.1,0.02,2.508390624954269,1.292100387862084,0.2995089871836465,0.09875869199169003,1.0332456136818131,0.11281281458550199,0.6019076395836981,0.7775235367088307,0.00032957388691956074,0.3564840378592987,0.04484371111903232,0.0736168424706368,8.523152463551881,0.17011445161350183,6.3088816377706225,1.5455597670249477,0.04444023297505029,88.14952688218204,77.34952688218199,6.0,2.4,77.34952688218208,77.34952688218198,136.49680744171928,136.49680744171903,136.49680744171923,136.4968074417193,136.49680744171923,136.4968074417193,3.640449264528939,88.149526882182,129.2159089126613,18.202246322644694,84.53276406095888
1.0,1.0,1.0,1.0,1.0,1.0,1.0,1.0,1.0,1.0,1.0,1.0,1.0,1.0,1.0,1.0,1.0,0.0,0.0,1.0,0.0,50.0,50.0,0.15,4.1,0.02,2.508390624954269,1.292100387862084,0.2995089871836465,0.09875869199169003,1.0332456136818131,0.11281281458550199,0.6019076395836981,0.7775235367088307,0.00032957388691956074,0.3564840378592987,0.04484371111903232,0.0736168424706368,8.523152463551881,0.17011445161350183,6.3088816377706225,1.5455597670249477,0.04444023297505029,88.14952688218204,77.34952688218199,6.0,2.4,77.34952688218208,77.34952688218198,136.49680744171928,136.49680744171903,136.49680744171923,136.4968074417193,136.49680744171923,136.4968074417193,3.640449264528939,88.149526882182,129.2159089126613,18.202246322644694,84.53276406095888
1.0,1.0,1.0,1.0,1.0,1.0,1.0,1.0,1.0,1.0,1.0,1.0,1.0,1.0,1.0,1.0,1.0,0.0,0.0,1.0,0.0,45.0,50.0,0.15,4.1,0.02,2.4963759945779174,1.2993070711901544,0.30431693423192785,0.09870149206457365,1.0201423372035732,0.1109283997428709,0.5958526851732232,0.7735157273525962,0.00032375725330586585,0.35310707678583336,0.04438416960087205,0.07264050236191896,8.454017772332339,0.16983295331054707,6.29205906034599,1.5455349739706372,0.04446502602936283,87.90491191455787,77.10491191455787,6.0,2.4,77.10491191455789,77.1049119145579,136.0376978248872,136.03769782488718,136.03769782488712,136.0376978248872,136.03769782488723,136.0376978248872,3.634425200845707,87.90491191455786,128.76884742319567,18.172126004228552,84.12787101727582
1.0,1.0,1.0,1.0,1.0,1.0,1.0,1.0,1.0,1.0,1.0,1.0,1.0,1.0,1.0,1.0,1.0,0.0,0.0,1.0,0.0,55.00000000000001,50.0,0.15,4.1,0.02,2.518260515138952,1.286147145730011,0.29559233913103644,0.09880692132609162,1.0442061336190411,0.11439079959469688,0.6069456570087199,0.780843261216783,0.00033446076919873294,0.3593022066003265,0.045227601599786615,0.07443543321977991,8.580843855921987,0.1703461369232942,6.322668176007915,1.5455801595086995,0.04441984049129848,88.35054099120083,77.55054099120079,6.0,2.4,77.55054099120075,77.55054099120079,136.87404533160915,136.87404533160918,136.87404533160912,136.87404533160918,136.8740453316092,136.87404533160915,3.6454073301584957,88.3505409912008,129.58323067129209,18.227036650792485,84.86537936018269
1.0,1.0,1.0,1.0,1.0,1.0,1.0,1.0,1.0,1.0,1.0,1.0,1.0,1.0,1.0,1.0,1.0,0.0,0.0,1.0,0.0,50.0,45.0,0.15,4.1,0.02,2.566066192198479,1.256894093971056,0.27703971383046455,0.0964866791997207,1.0679155598126817,0.11880928409891803,0.6093127743313737,0.7828787332230407,0.0003524227613896255,0.3658387945647372,0.046170701835668584,0.07701708298298925,8.659458385323392,0.16460657820005664,6.389026478368014,1.5481211583112349,0.04187884168876447,88.29628075291592,77.49628075291486,6.0,2.4,77.49628075294657,77.49628075291137,137.37965763841885,137.37965763839205,137.37965763840617,137.37965763839827,137.37965763823175,137.37965763742508,3.522580773481212,88.29628075291349,130.33449609181727,17.61290386741451,86.47643067708876
1.0,1.0,1.0,1.0,1.0,1.0,1.0,1.0,1.0,1.0,1.0,1.0,1.0,1.0,1.0,1.0,1.0,0.0,0.0,1.0,0.0,50.0,55.00000000000001,0.15,4.1,0.02,2.4544291748249747,1.3241189262885111,0.3214518988865138,0.10099981287874542,1.0029984706093027,0.10760365107373233,0.5952666381430672,0.7727247852019659,0.0003101300861183019,0.34825663766220993,0.043682265798858186,0.07069038648300119,8.398274080689067,0.17522096728418615,6.2329772759384605,1.5430639128857293,0.04693608711426766,88.0052324949719,77.20523249497191,6.0,2.4,77.20523249497194,77.20523249497187,135.66182149053597,135.66182149053577,135.6618214905359,135.6618214905359,135.6618214905359,135.6618214905359,3.7497286998815835,88.0052324949719,128.16236409077266,18.748643499407915,82.71426319160166
1.0,1.0,1.0,1.0,1.0,1.0,1.0,1.0,1.0,1.0,1.0,1.0,1.0,1.0,1.0,1.0,1.0,0.0,0.0,1.0,0.0,50.0,50.0,0.135,4.1,0.02,2.503309122828253,1.2951538004389551,0.3015370767327914,0.098963742538404,1.0299419619883194,0.1122391925134196,0.600432830190038,0.7763999138591858,0.0003276677900407519,0.3556892478853037,0.044731270659741786,0.07333138259057499,8.51130034901953,0.17059777620899436,6.301772046095461,1.5456926137917915,0.04430738620820478,88.13630559576343,77.33630559576339,6.0,2.4,77.33630559576338,77.33630559576342,136.4186491371644,136.41864913716466,136.4186491371645,136.41864913716444,136.41864913716446,136.41864913716446,3.650792410872479,88.13630559576343,129.11706431541953,18.25396205436239,84.36151743931214
1.0,1.0,1.0,1.0,1.0,1.0,1.0,1.0,1.0,1.0,1.0,1.0,1.0,1.0,1.0,1.0,1.0,0.0,0.0,1.0,0.0,50.0,50.0,0.165,4.1,0.02,2.513421431371474,1.2890696606046526,0.2975089080238733,0.09855667714766447,1.0365410361559524,0.1133852254831861,0.6033780372613586,0.7786425883826378,0.00033147719862546893,0.3572752992735379,0.04495570145069612,0.073901593321192,8.534908403341289,0.169635547975026,6.3159125233476,1.545427384262658,0.04457261573734051,88.16255620526827,77.36255620526822,6.0,2.4,77.36255620526828,77.36255620526825,136.5741087772087,136.5741087772085,136.57410877720872,136.5741087772087,136.5741087772086,136.5741087772087,3.630200726665556,88.16255620526823,129.31370732387754,18.151003633327782,84.70230223721867
1.0,1.0,1.0,1.0,1.0,1.0,1.0,1.0,1.0,1.0,1.0,1.0,1.0,1.0,1.0,1.0,1.0,0.0,0.0,1.0,0.0,50.0,50.0,0.15,3.69,0.02,2.529567527033464,0.987097457690364,0.1733350152761718,0.0889012120974168,1.2841456905647555,0.15691705051693194,0.6481257094363658,0.8111657349372922,0.0004625473410517681,0.3966564953293796,0.05093449502585248,0.09331537433352555,8.690200104123738,0.1720059365191323,6.046232511757292,1.5459319044830921,0.044068095516909156,88.78970212108003,77.9897021210799,6.0,2.4,77.98970212108009,77.98970212107993,137.57476903461242,137.57476903461438,137.57476903461273,137.57476903461276,137.5747690346134,137.5747690346142,3.6809270415094306,88.78970212107988,130.21291495160105,18.404635207547305,85.24642566102774
1.0,1.0,1.0,1.0,1.0,1.0,1.0,1.0,1.0,1.0,1.0,1.0,1.0,1.0,1.0,1.0,1.0,0.0,0.0,1.0,0.0,50.0,50.0,0.15,4.51,0.02,2.479750417498212,1.5782380198281465,0.4520115626736412,0.10948883901444613,0.8874397777013221,0.0875848389341199,0.5719011338515085,0.7556625552278856,0.0002590403687793361,0.332397261811236,0.04126447258439621,0.06270632877136606,8.340846312891498,0.1687517624395483,6.537738854824571,1.545333856117986,0.04466614388201188,87.46280854828917,76.66280854828923,6.0,2.4,76.6628085482892,76.66280854828926,135.2691785155467,135.26917851554677,135.2691785155467,135.26917851554674,135.26917851554674,135.26917851554674,3.6112877162063333,87.4628085482892,128.04660308313402,18.056438581031664,83.56758906968976
1.0,1.0,1.0,1.0,1.0,1.0,1.0,1.0,1.0,1.0,1.0,1.0,1.0,1.0,1.0,1.0,1.0,0.0,0.0,1.0,0.0,50.0,50.0,0.15,4.1,0.018000000000000002,2.5078997853451614,1.292395672092369,0.29970454256246915,0.09891370102935185,1.0780670376629653,0.12098359792497868,0.6016586135818025,0.7773590943165238,0.00032933344255811435,0.35634493516988197,0.04482477172960995,0.07357652684059125,8.52030477024948,0.17010294020280517,6.308195242782692,1.5455587535336865,0.04444124646630819,88.13953182544614,77.33953182544619,6.0,2.4,77.33953182544619,77.33953182544622,136.47804904919226,136.47804904919258,136.47804904919224,136.47804904919226,136.47804904919232,136.47804904919224,3.6402029203400303,88.1395318254462,129.1976432085121,18.20101460170015,84.51622276613195
1.0,1.0,1.0,1.0,1.0,1.0,1.0,1.0,1.0,1.0,1.0,1.0,1.0,1.0,1.0,1.0,1.0,0.0,0.0,1.0,0.0,50.0,50.0,0.15,4.1,0.022000000000000002,2.5088066751911455,1.2918500384939269,0.29934328631492724,0.0986273267133886,0.9952584181274731,0.10588878379993442,0.6021188332902342,0.7776629708327423,0.0003297778847384755,0.3566020224861041,0.04485977587692089,0.07365104414006624,8.525567824356687,0.17012420979441198,6.309463388876218,1.5455606261350516,0.04443937386494829,88.15799910417375,77.35799910417374,6.0,2.4,77.35799910417389,77.35799910417367,136.5127077603454,136.512707760345,136.5127077603454,136.51270776034536,136.51270776034528,136.5127077603454,3.640658089600416,88.15799910417374,129.23139158114452,18.203290448002093,84.54678495394161
